Agriculture,Automotive/Automobile,Banking & Financial Services,Business,"Colour/ Chemicals, Dyes & Intermediates",Diamond,Education,Energy,Engineering,Events & Entertainments,Export/ Import,FMCG (Fast Moving Consumer Goods),"Food, Beverage & Tobacco",Food & Dining,Garments,Gem & Jewellery,Health & Medicine,Health Care,Information Technology,Jari,Paints,"Paper, Printing, Packaging & Stationary",Personal Care & Services,Pharma,Plastics & Rubber,Professionals,Real Estate,Textile,Travel & Tourism,Wood & Furniture
Agricultural Machinery,Auto Accessories,Banking Consultancy,Agriculture & Agribusiness,Agro Chemicals,Lab Grown Diamond Importers,Agricultural & Allied,Agriculture,Automobiles & Components,Caterers,Capital Goods Exports,Beverages,Agriculture,Cafés & Beverage Outlets,Art Silk Cloth Exporters,Fashion & Imitation Jewellery,Clinics & Medical Centers,Alternative Healthcare Providers,Artificial Intelligence & Machine Learning,Jari Exporters,Automotive Paints,Coldchain,Animal Care & Supplies,Active Pharmaceutical Ingredient (API) Manufacturing,Coldchain,Advocates,Architects & Engineers,Agent,Accommodation,Furniture
Agriculture Mfg.,Auto Dealers - New,Co-Operative Banking,"Banking, Financial Services & Insurance (BFSI)",Manufacturer,Lab Grown Diamond Trading,Career Counseling & Guidance,Alternative Fuels & Emerging Technologies,Capital Goods Manufacturers,Celebrity & Private Parties,Capital Goods Importations,Consumables,Agro-based Food,Catering Services,Art Silk Cloth Importers,Gems Exporters,Dental,Biotechnology,Blockchain & Web3,Jari Importers,Decorative Paints,Consumables,Beauty Salons,Active Pharmaceutical Ingredients,Consumables,Architect,Blasting & Demolition,Agrotextiles,Adventure Tourism,Furniture Exporters
Agriculture Trading,Auto Dealers - Used,Consultancy,Cleaning Services,Pigments,Diamond Exporters,Coaching Classes,Coal,Casting & Alloy,Charity,Cargo Handlers and Freight Forwarders,Exporters,Animal Husbandry,"Desserts, Catering & Supplies",Art Silk Cloth Mfg,Gems Importers,Diet & Nutrition,Dental Equipment And Supplies,CCTV Surveillance,Jari Manufacturer,Domestic Paints,Exporters,Beauty Supplies,Ayurvedic & Herbal Medicines,Exporters,Artist,Building Materials & Supplies,Apparels Exporters,Airline Industry,Furniture Hardware
AgriTech,Auto Parts Mfg,Financial Agencies,Clothing,Trading,Diamond Importers,Corporate & Executive Education,Electric,Electrical Equipment,Conferences,Consumer Goods Exports,FMCG Beverages,Bakery Items,Fast Food & Carry Out,Blended fabrics,Gems Manufacturing,"Laboratory, Imaging & Diagnostic",Drugs,Cloud Computing & Virtualization,Jari Processing & Finishing,Exporters,Importers,Dry Cleaners & Laundromats,AYUSH,Importers,Chartered Accountants,Cement Exporters/Importers,Apparels Importers,Attractions,Furniture Importers
Dairy & Livestock,Auto Parts Trading,Foreign Bank,Consultants,Chemicals,Diamond Jewellery Retail & Export,Counsellor,Energy Industry,Engineering Goods,Corporate,Customs Clearance Agents,FMCG Consumables,Chocolate,Food Courts & Dining Hubs,Cloth Manufacturer,Gemstones,Massage Therapy,Health Informatics,Communication,Jari Trading,Importers,Logistics,Exercise & Fitness,Biotechnology,Logistic,CMA,Cement Mfg,Apparels Mfg,Bed And Breakfast,Furniture Mfg
Exporters,Automotive Software Development,Gold Loan Companies,Electronics,Chemicals Mfg,Diamond Manufacturer,EdTech & Online Learning,Energy Storage & Battery Technologies,Exporters,Decorator,E-commerce Exporters (B2B/B2C),FMCG Exporters,Dairy,"Grocery, Beverage & Tobacco",Cloth Merchant & Commission Agents,"Gold, Silver and Bullion",Medical Devices & Equipment,Health IT & Digital Health,Computer Hardware,,Industrial Coatings,Mfg,Grooming & Styling Services,Contract Research,Manufacturing,Designer,Cement Retailer / Wholesaler,Apparels Mfg Exporters,Campsite,Furniture Wholesaler/Retailer
Fertilizers,Battery Manufacturing & Recycling,Housing Finance Companies (HFCs),Employment Agency,Chemicals Trading,Diamond Tools & Machinery,Exhibition & Event Mgt,Hydropower,Importers,Entertainment,Export Intermediate Goods,FMCG Food Mfg,Dairy Products,Restaurants,Cloth Trading,Imitation Jewellery,Mental Health,Health Professional,Cybersecurity,,Industrial Paints,Packaging Materials,Hair Care Products,Contract Research & Manufacturing Services (CRAMS),Plastic & Rubber Machinery,Doctors,Ceramics & Glassware,Apparels Mfg Importers,Car Rental,Interior Wood Products
Fishery,Charging Infrastructure,Insurance,Energy & Utilities,Colour / Pigments,Diamond Trading,Exhibition & Event Mgt.,Industrials Sector,Machinery and Spare Parts Manufacturers,Equipment & Technical Services,Export Raw Materials,FMCG Importers,Exporter,Street Food & Local Cuisine,Cloth Weaving,Jewellery Exporters,Nurse,Healthcare Equipment Manufacturers,Data & Analytics,,Mfg,Packaging Warehouse,Massage & Body Works,Diagnostics & Lab Supplies,Plastic & Rubber Recycling,Educationalist,Civil Infrastructure Developers,Automotive Textile,Coach Services,Lamination
Forestry and Agroforestry,Detail & Carwash,"Investment, & Securities",Food & Dining,Crop Protection Chemicals,Exporters,Film & Media,Integrated Oil And Gas,Mining,Event Management,Exporter/ Importer or Both,FMCG Logistic,Fishing & Meat,,Cotton garments,Jewellery Importers,Optical,Healthcare Facilities,Digital Marketing,,Paint Retail & Services,Paper MFG,Nail Salons,Exporters,Plastic Raw Materials,Engineers,Construction Companies,Cloth Manufacturer / Trading,Cruises,Lamination Exporters
Horticulture,Gas Stations,Microfinance Institutions (MFIs),Handicraft,Dyes and Dye Chemicals,Importers,Industrial Training Institutes (ITIs),Natural Gas,"Molding, Fabrication and Forging",Event Planners & Supplies,Food And Drink Importation,FMCG Material Handling,Food Ingredients & Additives,,Denim wear,Jewellery Mfg,"Pharmacy, Drug & Vitamin Stores",Healthcare Plans,Graphics,,Specialty Coatings,Paper Wholesaler/Retailer,Shoe Repairs,Formulations,Plastics,Govt Employee,Electricians,Digital Printing,Education,Lamination Importers
Importers,Motorcycle Sales & Repair,NBFCs (Non-Banking Financial Company),Health & Medicine,Exporters,Lab Grown Diamond,Institutes,Nuclear energy,Pressure Die Cast,Exhibitions,Government & Regulatory Bodies,FMCG Retailers,Food Processing,,Embroidery & Appliqués,Jewellery Mfg.,Physical Therapy,Hospitals and Clinics,Internet of Things (IoT),,Trading,Printing Press,Tailors,Generic Drug Manufacturers,Retailers / Wholesaler,Graphic Designer,Inspectors,"Dyeing, Printing & Finishing",Entertainment,Lamination Wholesaler/Retailer
Mfg,Rental & Leasing,Private Banking,Healthcare & Life Sciences,Importers,Lab Grown Diamond Exporters,Logistics & Transportation,Petroleum Products,Service Provider,Fashion,Logistics & Supply Chain Services,FMCG Wholesalers,Food Products,,Fabric Importers,Jewellery Retailers,Physicians & Assistants,Laboratory,Internet Service Provider (ISP),,,Stationary Equipments mfg,,Hospital,Rubber,Human Resources,Real Estate Bldg. Materials Mfg.,Elastic & Lace,Farmhouse Accommodation And Agri-Tourism,Sustainable & Recycled Wood
Organic & Sustainable Farming,Ride-Sharing & Aggregators,Private Banking / Wealth Management,Hospitality & Tourism,Intermediates,Lab Grown Diamond Manufacturer,Pre-Primary Education,Power Generation,Steel,Festivals,Merchant Exporter/ Importer,Food Mfg,Frozen Foods,,Fabric Mfg,Jewellery Trading,Podiatry,Managed Healthcare,IT Services & Consulting,,,Stationary Wholesaler/retailer,,Importers,Trading,IT Professional,Real Estate Brokers,Embroidery Unit,Financial Services,Wood
Poultry,"Service, Repair & Parts",PSU Banking,Hotel & Restaurant,Manufacturer,Manufacturer,Professional Education,Renewable Energy,Trading,Golf Courses,Opposite Trade,Health & Hygiene,Grains,,Fabric Trading,Precious and Semi-Precious Stones,Social Worker,Medical And Diagnostic Laboratories,Networking & IT Infrastructure,,,Trading,,Laboratory,Warehousing,Journalists,Real Estate Builder,Fabric Import / Export,Food Services,Wood Coatings & Finishes
Sericulture,Towing,Regional Rural Banks,Information Technology & IT-Enabled Services (ITES),organic & Inorganic,Precious And Semi-Precious Stones,Skill Development Centers,Solar,Water Disinfection System,Movies,Packaging & Labeling Services,Household Care,Importer,,Fabrics & Garments Exports,,Veterinary & Animal Surgeons,Medical Device,Office Automation,,,Warehousing,,Manufacturing,,Photographer,Real Estate Contractor,Fabric Manufacturer,Hotel,Wood Exporters
Trading,Petrol Pumps,Small Finance Banks,Logistics & Transportation,Pigments,Rough Diamond Extraction,Student,Solar Energy,Rain Water Refine/Storage & Re-Use System,Photography / Videography,Product-Based Export/Import,Importers,Mfg,,Garment Machinery,,,Medical Equipment,Semiconductors & Semiconductor Equipment,,,,,Medicines,,Physical Therapist,Real Estate Exporters,Fabric Trading,Hotel/ Resort,Wood Importers
,Electric Vehicles,Stock Broking,Manufacturing & Industrial,Specialty Chemicals,Rough Diamond Import / Export,University,Thermal,Electrical Contractor,Productions,Shipping Line Agent,Logistics,Mouth Freshener,,Garment Retail & Distribution,,,Medical Equipment Or Drugs,Software,,,,,Pharma Distribution,,Project Consultants,Real Estate Importers,Fiber and Filament Manufacturing,Railway,Wood Wholesaler/Retailer
,,Urban Co-Op. Society,Marketing & Communications,Trading,Rough Diamond Trading,Foreign Languages Institutes,Transmission & Distribution,Labour Contractor,Promotion & Marketing,,Malls,Poultry,,"Laces, Ribbons & Elastics",,,Nutrition And Diet,Software and Services,,,,,Pharma Marketing,,Sales Representative,Real Estate Investor,Garments and Apparel,Shopping,Wooden Articles
,,Bank Manager,Media & Entertainment,,Trading,,Wind,Pipes,"Sound, Light & AV Rentals",,Material Handling,Soft Drinks & Beverages,,Linen clothing,,,Optometrists,Technology Hardware and Equipment,,,,,Pharmaceuticals,,Scientist,Real Estate Trading,Geotextiles,Tour Operators,Home appliances
,,Bank PO (Bank Probationary Officer),Office Supplies,,,,,,Stage Design & Setup,,Packaging & Logistics,Spices & Condiments,,Polyester / Synthetic,,,Pharmaceuticals,Telecom,,,,,Research & Development (R&D),,Self Employed,Roofers,"Ginning, Spinning Unit",Tourism,Kitchen Basket & shelf
,,Bank (Clerk),Printing & Publishing,,,,,,Talent & Creative Agencies,,Retailers,Tobacco,,Rayon / Viscose,,,Pharmaceuticals & Related Segments,Content Writer,,,,,Retailers / Wholesaler,,Speaker,Surveyors,Home Textile,Tourism Organisations,Kitchen Decor
,,Debt Recovery Agency,Professional Services,,,,,,Weddings,,Retailing & Shops,Trading,,Ready Made Garment Mfg,,,Physical Therapists,,,,,,,,Tax Practitioners,Rental Income,Industrial Textile,Transportation,
,,,Real Estate & Construction,,,,,,,,Warehousing,,,Silk garments,,,Societies Associated with Healthcare,,,,,,,,Teacher,,Lace Mfg,Travel Agencies,
,,,Retail & Consumer Goods,,,,,,,,Wholesalers,,,Technical & Functional Garments,,,Eye Specialist,,,,,,,,Training Programmes,,Manufacturing Unit,Travel Insurance & Assistance,
,,,Travel & Transportation,,,,,,,,,,,Woolen wear,,,Skin Care,,,,,,,,Life Coach/Motivational Speaker,,Medical Textiles,,
,,,Online Business,,,,,,,,,,,,,,Homeopathy,,,,,,,,Lawyer,,Narrow Fabrics,,
,,,RO-Water Plant Business,,,,,,,,,,,,,,,,,,,,,,Fire & Safety,,Narrow Woven Fabric Manufacturer,,
,,,Advertisement,,,,,,,,,,,,,,,,,,,,,,Astrologer,,Natural Fibers,,
,,,,,,,,,,,,,,,,,,,,,,,,,Athletes/Sports Person,,Non Woven Textile,,
,,,,,,,,,,,,,,,,,,,,,,,,,Legal Advisor,,Power Looms,,
,,,,,,,,,,,,,,,,,,,,,,,,,Accountant,,Processing Unit,,
,,,,,,,,,,,,,,,,,,,,,,,,,Ex-Govt Employee,,Protective Clothing,,
,,,,,,,,,,,,,,,,,,,,,,,,,Social Worker,,Shuttleless Looms,,
,,,,,,,,,,,,,,,,,,,,,,,,,Member Retired,,Synthetic & Blended Fibers,,
,,,,,,,,,,,,,,,,,,,,,,,,,House Wife,,Technical Textile,,
,,,,,,,,,,,,,,,,,,,,,,,,,,,Textile Embroidery Mfg,,
,,,,,,,,,,,,,,,,,,,,,,,,,,,Textile Engineering,,
,,,,,,,,,,,,,,,,,,,,,,,,,,,Textile Exporters,,
,,,,,,,,,,,,,,,,,,,,,,,,,,,Textile Importers,,
,,,,,,,,,,,,,,,,,,,,,,,,,,,Textile Machine Mfg,,
,,,,,,,,,,,,,,,,,,,,,,,,,,,Textile Machinery Importer,,
,,,,,,,,,,,,,,,,,,,,,,,,,,,Textile Machinery Trader,,
,,,,,,,,,,,,,,,,,,,,,,,,,,,Textile Manufacturer,,
,,,,,,,,,,,,,,,,,,,,,,,,,,,Textile Spinning,,
,,,,,,,,,,,,,,,,,,,,,,,,,,,Textile Trading,,
,,,,,,,,,,,,,,,,,,,,,,,,,,,Textile Weavers & Knitters,,
,,,,,,,,,,,,,,,,,,,,,,,,,,,Textile Yarn Importers / Exporters,,
,,,,,,,,,,,,,,,,,,,,,,,,,,,Textile Yarn Mfg,,
,,,,,,,,,,,,,,,,,,,,,,,,,,,Textile Yarn Trading,,
,,,,,,,,,,,,,,,,,,,,,,,,,,,Weaving Exporter,,
,,,,,,,,,,,,,,,,,,,,,,,,,,,Weaving Importer,,
,,,,,,,,,,,,,,,,,,,,,,,,,,,Weaving Mfg,,
,,,,,,,,,,,,,,,,,,,,,,,,,,,Weaving Trading,,
,,,,,,,,,,,,,,,,,,,,,,,,,,,Yarn Merchant,,
,,,,,,,,,,,,,,,,,,,,,,,,,,,Sticker Printing/Label/Tag,,
